Name,Title,Rating,Comments
Flipkart Customer,Mind-blowing purchase,5,Super and cool photoREAD MORE
Amit Kumar Chaudhary,Super!,5,SatisfiedREAD MORE
Ravi Arya,Mind-blowing purchase,5,I love it ‚ù§Ô∏è‚ù§Ô∏èREAD MORE
Arpit Singh,Great product,5,My father's first iphone‚ù§Ô∏èColour is awesome and so light in weight It should be available with 256gbAnyways design and camera is awesomeREAD MORE
Rinky Kumari,Terrific purchase,5,Awesome..Loved It.ü•∞ü•∞READ MORE
Flipkart Customer,Best in the market!,5,iOS is always amazing.READ MORE
Praveen Sharma,Worth every penny,5,Best phoneREAD MORE
Rohit Kumar,Best in the market!,5,Finally I got it üòÉ and love it üòòREAD MORE
ashwin  roy,Perfect product!,5,Awesome productREAD MORE
Vikas Sharma,Best in the market!,5,"Worth purchase, good display and camera, battery can last almost a day on moderate usage without gaming, amazing sound quality.overall a perfect compact phone.READ MORE"
Dipanwita Banerjee,Wonderful,5,Just wow it's worth the priceREAD MORE
Mohammad Numaan,Great product,5,Battery Life is an issue other than that best phone to buy.READ MORE
Deepu Sharma,Great product,5,ü•∞Good ProductsREAD MORE
Harsh Gopal,A Great upgrade from iPhone 12!,5,"Upgraded to the 16 from my 12 and it is a great phone. The Ultramarine Blue looks and feels sooo good. The photos don't do enough justice to this variant.You definitely do not need to upgrade to this if you are having a 14 or a 15, unless Apple Intelligence is something that you do not want to live without.Camera is great, though not very sure of the Camera Control thing, cuz all that is pretty much available on-screen UI. Also, got a great deal on the exchange and bank offer, so zero co...READ MORE"
Yogesh Bhardwaj,Super!,5,My wife 1st i phone thank you üôèREAD MORE
94161 34442,Terrific purchase,5,goodREAD MORE
Abhinandan Naag,Just wow!,5,"Great Deal and Bank offer on Flipkart. Camera is excellent but observed heating issue while transferring data and while charging. I used to get same overheating issue in my Iphone 11, heating issue is same as my 4 year old iphone 11. Will post another review after a week of usage.READ MORE"
Pratyush  Kumar ,Highly recommended,5,like it feel premiumREAD MORE
Akshay Gunjal,Terrific purchase,5,"Bought the phone solely for battery performance and assuming camera of iPhones are always good. A bit of disappointment as I switched from Samsung S22 Plus which offered great screen quality, excellent camera and Galaxy AI did wonders while iPhone 16 is not performing as expected in terms of battery and camera quality. Pros:1. Touch screen 2. Build Quality3. Light weightCons 1. No major cons only thing is you will feel disappointed for few days as you switch from android to iOS more i...READ MORE"
Mostafizur  Rahman ,Good,3,Good cREAD MORE
TANMOY RAI,Awesome,5,Very goodREAD MORE
Deepak kumar,Terrific,5,iPhone 16 is best for those who not buy 15 series. And it has very best hand feel.READ MORE
Manash Bisoi ,Great product,5,Love itREAD MORE
Swostik,Must buy!,5,Wonderfully lightweight stuff. Worth purchasing. Improved speakers and a more seamless display. Incredibly cozy to use with one hand. Go for Teal colour.READ MORE
Rahul yadav,Fabulous!,5,Colour is very good also camera placementREAD MORE
Disha Singh,Brilliant,5,Doing good as of now!READ MORE
sai kumar,Just wow!,5,Fell in love with the colourREAD MORE
Nandu Surendran,Highly recommended,5,The best compact phone at the perfect 6.1 size. Only issue is with the outdated 60Hz display and a slower charging speed. Can't complain as it is cheaper than even the Pixel 9!READ MORE
Shivm Sharma,Fabulous!,5,Best device from Apple ‚ù§Ô∏è Its much smoother than the previous modelREAD MORE
Amandeep Tiwari,Brilliant,5,Best for videography and also good for photos if you are interested in little bit editing .Look and feel of the phone is premium and top notch software experience .Battery backup is good considering the form factor and performance is also superb .Major problem is low refresh rate but I tink those who are going to buy they know it already .Apple intelligence is till now under beta and some bugs are there which will be rectified by apple in updates Overall a good buy if videography is a pr...READ MORE
Sudheer Mehdad,Terrific purchase,5,GreatREAD MORE
Shivani Singh,Nice,3,I like this phone but there is no difference between 15 and 16 and apple Intelligence is also not in phone yet. Overall the phone is good but apple can do betterREAD MORE
saswata  sanyal,Perfect product!,5,"This is Apple üòÅ The best quality delivered always. When I was installing my backup from my iPad, it became very hot during camera operation. But after the software update, gradually it became normal.Now it is working well. I also went to Imagine for a checkup and came to know that this is quite normal.That's it. I hope after the Apple intelligence update we can have some new features and entertainment windows will open for us üòÄ Thanks, FLIPKART, for delivering with promise and safety.READ MORE"
Sougata Roy,Awesome Product,5,Upgrading from 12 mini. Awesome product. As usual performance is smooth for normal usage. Battery life is also good considering this form factor. Only downside is Apple Intelligence is not available out of the box. Camera quality is awesome.READ MORE
K Naga Tharun Kumar,Must buy!,5,Awesome product üëåBattery üîãüëåCamera üì∑üëåBody ü§ñüíôREAD MORE
Sk jamat  Hosaain,Worth every penny,5,Fantastic ‚ù§Ô∏èREAD MORE
Flipkart Customer,Perfect product!,5,Recently changed from Android to Iphone seems a smooth ui and best experienceREAD MORE
Faraaz Khan,Awesome,5,"I have been an Android user for 10 years, so I got the iPhone 16 as a secondary phone. It does the job, but honestly, nothing beats the freedom of an Android. It's like buying a fancy paperweight. ü•∏READ MORE"
Chaudhary Sahab,Super!,5,Camera 10/10Battery 10/8Display 10/10Design 10/10Performance 10/10Finally a Great Phone in this price segment ‚ù£Ô∏èREAD MORE
Hari shankar  Tripathi,Awesome,5,Camera is superbREAD MORE
Ganesh Chandra,Great product,5,All goodREAD MORE
Govinda kumar Choudhary,Simply awesome,5,SuperREAD MORE
Vishal Kumar,Highly recommended,5,BESTREAD MORE
Yaswanth Bandaru,Terrific purchase,5,Great iphone !READ MORE
Rijuman Ghosh,Super!,5,GoodREAD MORE
Anish Tiwari,Highly recommended,5,Good mobileREAD MORE
srinivas R,Excellent,5,"Loved it. Apple lasts longer, may for a min period of 10 yrs. The replacement of android phones in the same period easily exceeds the high initial cost of an iPhone .READ MORE"
Flipkart Customer,Good quality product,4,"I have switched from Pixel 6a to iPhone 16 , everything is good but camera is no match to pixel, even with 12 megapixel camera pixel 6a was much better.READ MORE"
Rajat  Rai,Classy product,5,More smoothly then 15READ MORE
Yograj Meena,Super!,5,"I had previously used OnePlus 8 pro  ,Samsung s21 ultra, Vivo x80 pro so if you are confused between iphone 16 vs android alternatives like oneplus 13 or samsung s24 i would say if your priorties are camera go for iphone 16 i know there is lack of telephoto lens but the main camera is just too good and UW lens got a good upgrade with macro support.Display brightness and colours are good but I miss 120hz but it's ui is quite fluid so okk okkBattery is good for size and charging speed are ÔøΩ...READ MORE"
Levi Ack,Terrific,5,Excellent üëåüèªREAD MORE
Shikha Swarup,Terrific purchase,5,Upgraded from iPhone 14 Pro Max loved the new pink colour over all a wonderful product simply loved itREAD MORE
Rishab Guleria,Brilliant,5,Switched from 12 mini to iPhone 16 - battery 10/10- camera 10/10 - hold and feel 10/10- ios 9/10 - heavy tasking 8/10 Should you upgrade?? If you are at iPhone 12/13 then you should   . From 14/15 you will minor improvement changes only !READ MORE
jayata banerjee,Super!,5,"Amazing device, everything is top notchREAD MORE"
Tara Prasad Nepal ,Mind-blowing purchase,5,Very nice üëåüèªREAD MORE
PARESH  BHALKE,Highly recommended,5,Bad camera quality at this range. Go for samsumg s25READ MORE
Radhe Shyam,Terrific purchase,5,Fabulous.Apple intelligence is just wow!!ü§åüèªREAD MORE
Srikanth Reddy,Really Nice,4,The mobile was Nice and  camera was good and clarity was excellent extra button was given was not so impressive the design of the mobile was also goodREAD MORE
Ayush Thakur,Wonderful,4,No doubt its built quality is unmatched. But Its better to buy an android phone of this range than this one. Android respects your freedom to choose more.READ MORE
Shubhayan Paul,Mind-blowing purchase,5,"I'm a college student and I bought it with my scholarship money, I think the 16 base varient is a absolute beast for Photography and videography,  it's performance is also good no major heating issues and battery is overall goodREAD MORE"
Pijush Manna,Must buy!,5,"Working good ! Macro mode in base variant , basically everything good in camera section but need to improve in software which can be updated laterREAD MORE"
SUNIL KUMAR TUTEJA,Wonderful,5,GreatREAD MORE
CHANDRA KANTA PRADHAN,Worth every penny,5,Very good mobileREAD MORE
Santanu Borah,Awesome,5,"Compact, easy to carry. Like itREAD MORE"
Karan Gupta,Just wow!,5,Better to upgrade for iPhone 13 usersREAD MORE
Roshan Kumar,Brilliant,5,It's my first iphone üòÅI love its performance and camera quality Just perfectREAD MORE
Mr.Vaibhav Vasava,Terrific purchase,5,Flipkart shopping experience was good from all time and This time also .Product was totally Original and Sealed Pack with all Accessories included on Box.READ MORE
chandan tiwari,Simply awesome,5,Awesome phone as always. Got a good deal on FlipkartREAD MORE
shajahan shaik,Awesome,5,"I bought iphone 16, after 2 weeks giving the review. Camera too good, performance good, battery need to be improve.READ MORE"
Ashwin Bhavsar,Fabulous!,5,"Best camera, performance also display, camera button also very useful, i wish battery could have been better in terms of battery backup.READ MORE"
Manickam shanmuga Sundaram,Best in the market!,5,First time user for my daughter. Very nice experience. Worth to buy it under premium product category.There is something different which can be felt and could not be shared .READ MORE
Akash mandal,Wonderful,5,Value for moneyREAD MORE
Dhirendra  Yadav,Brilliant,5,Mind blowing üòäREAD MORE
Ashif Rehman,Mind-blowing purchase,5,Very handy phone perfect in every aspect ..READ MORE
kavindra pandey,Great product,5,Classy.. different from Android but it is good to change for something different.READ MORE
Rahul Singh,Brilliant,5,It's very nice that I have upgraded my iphone 13 to an iPhone 16READ MORE
Khurram Shehzad,Simply awesome,5,I upgraded it from iphone 13 to iphone 16. Superbbbb experienceREAD MORE
Rajneesh,Super!,5,"iphone is ever good product to buy, but need to improve battery backup also.I think there is no need of camera short cut button, but it's good to open in single click, apple intelligence is ok ok feature. Is recommendable product you can buy.READ MORE"
Lavanya Rathinam,Very Good,4,GoodREAD MORE
Bipradip Das,Delightful,4,NiceREAD MORE
Subhradip Sil,Simply awesome,5,"Upgraded from iPhone 13. As expected, everything is just perfect for my kind of user who spends majority of time with this little beast. Apple never disappoints..  Proud owner of this gem for at least next 2 years before the next upgrade.. ‚ù§Ô∏è‚ù§Ô∏èREAD MORE"
Ravi Raj,Perfect product!,5,Awesome ü•∞ Protect  loved lt.READ MORE
Shalu Singh,Perfect product!,5,"Amazing oneJust go for itüòçCamera, battery, display,in hand feel , colour and the super fast processor is top notch üî•READ MORE"
Rohit Kota,Just wow!,5,"Phone is very smooth, battery is far better than 14 which I previously had. IOS 18 is perfectly running with no bugsREAD MORE"
Arun G,Good,3,"It's a great peppy comfortable phone that Apple has released, just having a small heat issue which is acceptable. But I'm not satisfied with your exchange policy which I can't accept the way you've dealt with me! Otherwise phone is good! But I'm not satisfied with the exchange policy!READ MORE"
Utkarsh Sharma,Does the job,3,"The model is excellent with 5 stars on all features except two issues.1. Battery life is really less.2. Heating issues in the phoneNote: if you are a iphone plus, pro or pro max users then dont buy only 16 go with next versions or you will be disappointedREAD MORE"
Sandeep Roy,Very Good,4,"Awesome Phone. First iPhone bought. Comparing it with my S23 Ultra. Just trying to assess that iPhone and apple ecosystem is for me or not. All in all , Quite good till now with some minor bugs.READ MORE"
Anuj Sharma,Wonderful,5,Literally i swear best smooth phone and camera is üòò and performance best multitasking phoneüëåREAD MORE
Anand Tyagi,Not good,5,Apple intelligence is a scam. They advertised this phone especially for that and had a lot of us buy this on the promise and yet the apple intelligence is still not coming to india until next year.  This is just a waste of money.READ MORE
Chetan Kumar,Just wow!,5,Nice mobile good lookingREAD MORE
Arjun Meena,Worth every penny,5,"Photos Quality is Supreme,Display is Awesome,Performance is outstanding,But.Battery is worst,Display size is very LessREAD MORE"
G Subramanya Kumar,Worth every penny,5,"Super, working fineREAD MORE"
Pradeep Goyal,Must buy!,3,The phone is good. It would take time to adopt with ios as i am switching from Android. Let's see how it goes.READ MORE
Rohit Thakur,Does the job,5,Heating very frequentlyREAD MORE
BALAJI G,Terrific purchase,5,"product was awesome,nice photos and videos through A18 chipREAD MORE"
Sourav  Sardar,Just wow!,5,One of the best phoneREAD MORE
Ashwani kumar,Terrific purchase,5,"GREAT PRODUCT,  but now  This time is for ANDROID  , I Miss AI features in this mobile , boaring device , Google photos AI editing is wonder . But I disappointed with this iphone,  samsung is far better for now,  new lots of features. Bro don't buy if u need comfortable, something,  I buy only for flex I have both samsung and iphone , I love samsung S seriesREAD MORE"
Sachin Kumar,Mind-blowing purchase,5,NiceREAD MORE
Rahul Bhadauriya,Terrific purchase,5,good productREAD MORE
Flipkart Customer,Worth every penny,5,I am happyREAD MORE
Swayam Kumar,Simply awesome,5,ComfortableREAD MORE
sanjay kumar saraf,Highly recommended,5,LOVELY DEVICE NOTHING NEGATIVE EXCEPT 60 HZ DISPLAYREAD MORE
vikas  lode,Must buy!,5,All in one üëçüëçüëçREAD MORE
Gaurang Chaudhary,Best in the market!,5,Got it in Sasa Lele Sale Teal Color just look awesome üòçüòçREAD MORE
Zubair Iqbal,Just wow!,5,Upgraded from iphone 12mini Good battery life and performance üî•Ultramarine the best oneREAD MORE
Flipkart Customer,Worth every penny,5,"As a First time iphone user, i find the phone goodREAD MORE"
Suresh Kumar Mega,Awesome,5,Very nice super ü•∞ü•∞READ MORE
Kunal Tak,Brilliant,5,Best in performance and cameraREAD MORE
Anuj  Kumar,Highly recommended,5,NYC phoneREAD MORE
Gaddam  Mohan reddy ,Must buy!,5,Nice product worth of moneyREAD MORE
Flipkart Customer,Mind-blowing purchase,5,"Big upgrade from iPhone 13. Weighs much less, battery easily lasts for the whole day, speaker, performance. All are stupendous.READ MORE"
Stanley Philip,Simply awesome,5,Iphone is an iphone.READ MORE
Sarath Babu S,Terrific purchase,5,"Loved the build quality, color and the performance. Truly unmatched when it comes to safety.READ MORE"
Flipkart Customer,Highly recommended,5,Awesome cameraREAD MORE
Aryan Kumar,Great product,5,Loved itREAD MORE
SaiNaga K,Terrific purchase,5,Compact and good performanceREAD MORE
Sagar Kumar,Wonderful,5,GoodREAD MORE
Subhojit Saha,Excellent,5,Just Awesome! This is my 3rd iPhone starting from 6sREAD MORE
Harvinder Singh,Awesome,5,Great experience with great cameraREAD MORE
Kanav Gupta,Great product,5,Surely worth buying Only battery is a little issueREAD MORE
Faisal Khan Warsi ,Wonderful,5,One WordU L T I M A T E....READ MORE
Neeraj  Chauhan,Wonderful,5,NiceREAD MORE
Flipkart Customer,Great product,5,NiceREAD MORE
Ankit Kumar,Brilliant,5,GoodREAD MORE
Ravindra,Super!,5,Quality üòçREAD MORE
Flipkart Customer,Awesome,5,I am happy with my new iPhone got it at good priceREAD MORE
Lokesh lokesh,Simply awesome,5,Super mobileREAD MORE
Ahmad Jamal Shamsi,Mind-blowing purchase,5,Best Phone. best color.Significantly awesome!‚ù§Ô∏èREAD MORE
Ashutosh Kumar ,Brilliant,5,AwesomeREAD MORE
Sujeet Kumar,Mind-blowing purchase,5,BestREAD MORE
Asha Customer,Worth every penny,5,BestREAD MORE
Flipkart Customer,Mind-blowing purchase,5,Great phone! Try to buy during sale with extra card offers. Teal colour is unique and rich. Overall a great companion! Go for it!!READ MORE
Lokesh Aggarwal,Excellent,5,Very Good I Am Happy Fast Delivery Orignal Product Brand NewREAD MORE
Sourav  Mondal,Simply awesome,5,Looking so good. The camera and build quality is awesome. üòäREAD MORE
Mukesh  Nayak,Must buy!,5,Superb... Allover good üòäüíØREAD MORE
TUSAR DAS,Terrific purchase,5,AwesomeREAD MORE
Soumya Ranjan  Das,Must buy!,5,Nice design awesome performance. Awesome cameraREAD MORE
Keshaw Jindadil,Worth every penny,5,Smoothy operate and awesome lookData protection amazing and overall performance as per name. Price may be some lower for indiansü§ôüòçREAD MORE
Preetam Dutta,Best in the market!,5,"iPhone 16 is great in design, performance, battery life is great although charging is slow. Casual photography is great although lacks in detail but night photos are good, videography is great üëç, black colour is excellent.READ MORE"
Arghya  Mukherjee,Super!,5,GoodREAD MORE
Preet Vashiwale,Mind-blowing purchase,4,Best productREAD MORE
Tapan Kurmi,Worth the money,4,AwesomeREAD MORE
Gautam Mandal ,Worth the money,4,Superb quality in this phone to goodREAD MORE
Ankit Goel,Very Good,4,iPhone 16 has good quality camera and performance super bbbREAD MORE
Ram  Preet ,Wonderful,4,This 16 series is a surprise. I had been using 13 and found a little nudges with it when it comes to performance and the battery section. With the 16 apple has significantly improved in these sections. Battery is amazing I have been using the device for my media play primarily and it is giving me backup of more than half a day with continuous video playback watching movies surfing social media. It is better than my other mobile samsung s23. The camera as usual is good and the phone doesn't la...READ MORE
Vignesh M,Wonderful,4,"Camera gets stuck most of the times. Other than that, performance is good.READ MORE"
Santha Dhavala,Very Good,4,NiceREAD MORE
Divyantar Kumar,Pretty good,4,Good üëçREAD MORE
Sahinur Islam,Good quality product,4,Fabulous no wordsREAD MORE
Anirudha Ray,Really Nice,4,Till date best camera provided by Apple. Lot of changes compared to previous models. Speaker and audio mic are very good.READ MORE
Kotaru Rambabu,Good choice,5,Nice Battery drain is very fastREAD MORE
Harsh  Raj,Terrific,3,"Worth it and such a classic camera, overall wonderful experience.READ MORE"
Anandh Mathew,Does the job,5,"For an iPhone lover, make sense! Other than that no major changes.READ MORE"
SUMAN DAS,Perfect product!,5,Wonderfully lightweight stuff. Worth purchasing. Improved speakers and a more seamless display. Incredibly cozy to use with one hand.READ MORE
Udoy Ronghang,Fabulous!,5,Go and get itREAD MORE
Shwet Bhargav,Terrific purchase,5,Terrific üçæREAD MORE
SAMEER POTDAR,Best in the market!,5,Its good one. Security matters most. IOS seems to be secure than AndroidREAD MORE
Aman Singh,Awesome,5,"Just waaaaooo!! Have upragded from ipnone 12. Previous month, i have exchanged my iphone 12 for google pixel 9. Bt my expectations were high, unfortunately was missing my smooth and fast ios which can never be replaced. This month i have purchased iphone 16..guys and girls, never think twice before buying any iphone if your pockets allows you to do so.READ MORE"
Ravi Soni,Brilliant,5,GoodREAD MORE
Irshad Alam,Super!,5,GreatREAD MORE
Flipkart Customer,Mind-blowing purchase,4,Best Product And Good Product Best replace from AndroidREAD MORE
Ajay Rajbhar,Very Good,5,Nice productREAD MORE
Parveen  Kumar,Classy product,5,Go for  15 ya 16 proREAD MORE
Anubhav tiwary,Terrific purchase,5,just one word. StunningREAD MORE
EKANSH SINGH,Simply awesome,5,Best under budget phoneREAD MORE
Dipankar Barman,Great product,5,Great upgrade!Camera is much improved. Dynamic Island is now very useful. No apple intelligence till now. Otherwise experience is great.READ MORE
Subhajit Das,Awesome,5,Finally from android to iOS üòà‚ù§Ô∏èREAD MORE
Flipkart Customer,Excellent,5,Best ever experience this is my first iphone black colour is so premium tnks to my sister ‚ù§Ô∏èREAD MORE
Bhupinder  Rajput,Fabulous!,5,"Phone is Good.But according to me it's overhyped.Camera is Good,but as per the Price I think iphone can do better than this.pink Color is Good.No heating issues.Display is Clear and Bright.almost Bezel less design.READ MORE"
Akbar Mulla,Great product,5,FantasticREAD MORE
Arkaprovo  Saha,Best in the market!,5,"Bought the iPhone 16 from Flipkart and it's amazing! The display is stunning, much better than other 60 hz models. Performance is smooth, the camera captures great photos, and the battery lasts all day. The Ultramarine color is beautiful and the design is sleek. Highly recommended!READ MORE"
ORANGE DUST,Simply awesome,5,Damn goodREAD MORE
Vandana Thakur,Terrific purchase,5,Great deal üëçREAD MORE
Tarun Parashar,Highly recommended,5,I am using iPhone since 2020 and this my biggest upgrade xr to iPhone 16 I love the colour. I love the performance. No issues at all soREAD MORE
Ravi  Kumar,Brilliant,4,GoodREAD MORE
Abhi Singh,Delightful,4,Phone is good but refresh rate is less over all good phoneREAD MORE
prasad veera,Worth the money,5,Good ‚ò∫Ô∏èREAD MORE
Ayush Pandey Ayush Pandey,Awesome,5,"Have been using this for 6 months. Was my first iphone, after using S Series. probably not switching back to android.Best features- Size, Design. Apple ecosystem, intuitive interface, subtle elements of ML in audio control, battery enhancement, automation etc.Downside- Missing the zooming capability of Samsung, connecting over weak wifi is troublesome, less storage.READ MORE"
Tarique  Azam,Just wow!,5,Amazing cameraREAD MORE
Pavan,Classy product,3,"Best phone at best price...You can literally feel the oled touch.. Very smooth.. We don't  feel like 60hz refresh rate..Next is camera, it's  too good iphone nevrr dissopointmented with camera.. Lite in weight..little slippery you must need a mil grade protection (though it's added weight worth having it)..More only apple intelligence for imessage and other stuff if very good and quite responsive..The siri is improved very much...Over all a best buyREAD MORE"
Avadesh Kumar,Decent product,3,"Average camera, Pictures from my Nothing phone is far better than this over hyped product.No value for money only show off.I would recommend going for a pixel phone for this price range rather than this iphone.READ MORE"
Somdev Berwal,Good,3,Camera is good in only video. Photos are wrostREAD MORE
Porus Mehta,Does the job,3,Product is awesomeREAD MORE
kousik bera,Fair,4,GoodREAD MORE
Sanjay Devnath Rajbhar,Value-for-money,3,It good for 3 days I will watch one year than reviewREAD MORE
MOHIT  HEMANT ,Good,4,I am not satisfied I am a big fan oneplus mobile phoneREAD MORE
Sohel Katherayi,Good choice,5,GoodREAD MORE
puken  eru,Super!,5,GoodREAD MORE
Balakrishna L,Bad quality,4,In Third Party Apps Camera Is Not working Properly and I have Visited Service Center I had Bad Experience and Customers Care support Given Me So many Settings to Rectify it But Still Issue Is the Same.I am Wring This Review After 10 Days of Usage.READ MORE
PANKAJ KUMAR,Perfect product!,5,NiceREAD MORE
Pallav Kumaar Patra,Very Good,4,camera is awesome performance is great design is great display is great battery is better than other iphones but still its an iphoneüôÇREAD MORE
Flipkart Customer,Terrific,5,Great performanceREAD MORE
Satish Choudhary ,Delightful,5,GoodREAD MORE
RANJAN SAHNI,Must buy!,4,Overall good performanceREAD MORE
Kartik Rajput,Highly recommended,5,"Not anyone compare with apple Products.It's always Great After 3 month, uses this phone camera, Battery,Display,Design and performance All Characteristics of this iPhone is AwesomeREAD MORE"
Cheedella Chaitanya,Value-for-money,5,Good...READ MORE
VISHAL MAHAJAN,Don't waste your money,5,"1. Camera: I found blurry issue while zooming, when I record video.2. Battery: Degradation is very fast, since I am not using two hrs a day after that I am getting this issue.3. Performance: Sometimes it heats a lot and stop charging the phone with a caution and sometimes it hangs and not responding anything on display.Earlier I was using IPhone XR which was totally fantastic in overall aspects but this IPhone 16 is very horrible.Request to Flipkart to resolve the issue.READ MORE"
ketan bhavsar,Classy product,4,"Superb phone, best pictures. Voice clarity crystal clear.READ MORE"
naidu ayyappa naidu,Simply awesome,5,GoodREAD MORE
Keshav Kumar,Worth every penny,5,Best phoneREAD MORE
Priank  Hhdh,Good choice,5,OKREAD MORE
Vinayak  Bagaya,Unsatisfactory,5,Not goodREAD MORE
Ajay  Kumar,Brilliant,5,GoodREAD MORE
Flipkart Customer,Best in the market!,5,Just mind blowing nothing more to say!READ MORE
Anas Patel,Classy product,4,nice productREAD MORE
Shunny Shrivastav,Super!,5,Better battary backup comparing to older versionsREAD MORE
TEJENDRA SINGH,Great product,5,Amazing phone ..READ MORE
Flipkart Customer,Must buy!,5,GoodREAD MORE
Md. Arsh,Good choice,3,GoodREAD MORE
Kattula Mahesh Babu,Fabulous!,5,GoodREAD MORE
Diken Suthar,Best in the market!,5,It's a great compact phone.READ MORE
Arvind,Terrific purchase,5,"Recently switched from android to iPhone after 10 years, and the experience is amazing. The iPhone 16 performance design and Battery is very nice. However, there are better Camera options in this price range..READ MORE"
Altaf Shaikh,Decent product,5,It heats like a pan in 2 mins of useREAD MORE
Manjeet Sahran,Awesome,3,Best phoneREAD MORE
Pankaj  Chaudhary,Horrible,5,This mobile always lag and stuck this is the worst iphone i ever usedREAD MORE
Ankur Joshi,Terrific,5,"Great.. if you have make your mind, purchase it as the sale starts. Price increases with time. Product is good.READ MORE"
Rohan Gharami,Brilliant,5,Its superrrREAD MORE
Flipkart Customer,Terrific,5,"Compact, feel good and safe with ios. Not noticeable difference from other versions and very few might use all functionalities at micro level. Overall satisfied with the phone with a great deal on SASA sale.READ MORE"
TAPONIDHI PANDEY,Fair,5,Brought iPhone 16 was excited as the reputation of brand and the feeling of buying a new iPhone but this phone disappointed me as there was Overheating problem can be seen in minimalREAD MORE
Syed Musadiq Basha M,Highly recommended,5,GoodREAD MORE
prince sharma,Classy product,5,awesomeREAD MORE
Suresh Kumar,Simply awesome,5,Just go for itREAD MORE
Hemant Chauhan,Great product,5,Excellent phone üëçüèªREAD MORE
Rishav Raj,Perfect product!,5,Nice üëçREAD MORE
Tanmay  Rewatkar,Terrific,5,Very amazing phone I personally loved it!!!READ MORE
Flipkart Customer,Best in the market!,5,Awesome mobileREAD MORE
Amit kumar Das,Absolute rubbish!,5,My life worst decision...I have take it instead of samsung...no aap is working pREAD MORE
Flipkart Customer,Highly recommended,4,Best All Rounder Device üíØREAD MORE
Abhijeet Attri,Worth every penny,5,Excellent as always. I replaced my iPhone 13READ MORE
Flipkart Customer,Just wow!,5,ExelREAD MORE
Shiv Kumar,Excellent,4,GoodREAD MORE
Muskan Kumari,Awesome,5,NiceREAD MORE
KANISHK YADAV,Wonderful,5,Fabulous product. Loved the colour and design.READ MORE
sachin  Singh,Pretty good,5,Best experienceREAD MORE
Himanshu Gangwar,Classy product,5,Superb üëåREAD MORE
Arnav Mittal,Super!,5,Good phoneREAD MORE
Flipkart Customer,Very Good,5,It is good phone sometimes problem in touch otherwise is good phone. Many unique features.READ MORE
Balaji Salunke,Best in the market!,5,SuperbREAD MORE
Flipkart Customer,Did not meet expectations,5,Camera performance is very poor and bettery is very disgusting apart from this performance is very slow and phone is heating very bad .Also the delivery partner charged me 1400 extra by cash .READ MORE
Flipkart Customer,Excellent,5,AwesomeREAD MORE
Arun kumar Singh,Terrific purchase,5,Well product Camera 5/5Performance 5/5Design 5/5RR 4/5READ MORE
Rajesh Roy,Brilliant,5,Apple always goodREAD MORE
Flipkart Customer,Terrific purchase,5,Nice productREAD MORE
Shivam Chaudhary,Terrific purchase,4,Sperb phoneREAD MORE
Abhishek Hulajanti,Just wow!,4,GoREAD MORE
Rajnish  Kumar ,Fabulous!,5,Very good productREAD MORE
Flipkart Customer,Just wow!,5,Okay very niceREAD MORE
Varun Bhandari,Mind-blowing purchase,5,Nice upgrade from my old iPhone 11.Snappier and lighter.Camera lens is bigger and protruding so need a protection.Battery could be better.Overall satisfied!READ MORE
RANADHEER REDDY Keesari,Fabulous!,5,Go for it if you are an iPhone enthusiastREAD MORE
dimple shani,Brilliant,5,GoodREAD MORE
UPENDAR  SINGH,Pretty good,5,Perfect phoneREAD MORE
Rohit Kumar  Rohit Kumar ,Very Good,5,Best mobile phone butü§≥ battery life very poor ü•∞ but I am happy üòÅREAD MORE
Mobin  Ansari ,Brilliant,5,Nice productREAD MORE
Naved Mansuri,Classy product,5,Camera perfect and all feature awsomeREAD MORE
jitendra yadav,Awesome,5,Must buy product from FlipkartREAD MORE
pranshu srivastava,Perfect product!,5,Perfect productREAD MORE
Mayank Madhukar,Excellent,5,Superb phone and I also got good discount Worth it phoneREAD MORE
Flipkart Customer,Useless product,5,Heating issue when using Internet give me replyREAD MORE
Flipkart Customer,Best in the market!,5,Good üëçREAD MORE
Flipkart Customer,Great product,3,Good üëçREAD MORE
Rakesh Kumar,Terrific purchase,5,All awesomeREAD MORE
Vibha Gaur,Perfect product!,5,AwesomeREAD MORE
SHIVRAJ GURJAR,Excellent,5,I love this iPhone 16READ MORE
Roots Salon Barnala,Mind-blowing purchase,5,goodREAD MORE
Dharmendra Kushwaha ,Worth every penny,5,Nice MobREAD MORE
Chandan  Mandal,Simply awesome,5,OsmREAD MORE
Adarsh  Sharma,Best in the market!,5,moderateREAD MORE
Srinu Gurram,Nice,5,Charger cable pin cap looseREAD MORE
Mukesh Goyal,Mind-blowing purchase,4,BestREAD MORE
Rajesh Rash,Awesome,5,The display is absolutely crazy and also I can say that the haptics of the phone is super smooth but only concerned is that image editing ai is not good as SamsungREAD MORE
Aditya Jaiswal,Perfect product!,5,Guys see! If u are someone who want to take good photos then just go for it .READ MORE
Flipkart Customer,Worth every penny,5,Best product if you want securityREAD MORE
SURAJ K,Perfect product!,5,Product delivery is very good  and. Also new phone always embraces youREAD MORE
Flipkart Customer,Highly recommended,5,White colour is best after golden colourREAD MORE
Gourav garg,Just wow!,5,Awesome productREAD MORE
Svs  Pavan,Just wow!,4,"Worthy buy, just go for itREAD MORE"
Durgaprasad Setti,Nice product,5,Very goodREAD MORE
Flipkart Customer,Perfect product!,5,Nice productREAD MORE
KAJAL,Fabulous!,4,Thank you FlipkartREAD MORE
Tapan Kumar,Awesome,5,Perfect phone but design is not up to the mark otherwise great ü•∞ü´°‚ù§Ô∏èREAD MORE
suruj bhuyan,Awesome,5,AwesomeREAD MORE
Babloo Ansari ,Must buy!,5,Nice productREAD MORE
Maheshwar Sirka,Super!,5,Best qualityüëçREAD MORE
Pranab Baruah,Value-for-money,5,SatisfyREAD MORE
Flipkart Customer,Worth every penny,5,Overall good productREAD MORE
Manas Ranjan  Bariha,Brilliant,5,"Great camera, great performance (although u might see a faster battery drain while playing heavy games like BGMI, GENSHIN) and it provides a complete lag free experience and the battery back up is too good as per its capacity. The charging is decent for a 20w charger. Smooth and clean UI experience! , Dynamic island features have been improved and it provides more informative features over there. More 5g bands ensures a better network experience !. I switched from android to ios and trust me ...READ MORE"
Uday GowDa,Value-for-money,5,Received within 1 day . Value for money. Less heating issue. All good as of nowREAD MORE
Dasharath Dhage,Terrific purchase,5,I liked itREAD MORE
ajay  Vishwakarma ,Awesome,5,My mom love the colour and the phone is amazingREAD MORE
 Murari  Singh ,Perfect product!,5,iPhone 16 is best for those who not buy 15 series. And it has very best hand feel.READ MORE
Flipkart Customer,Terrific purchase,5,GoodREAD MORE
Syed Zohaib,Best in the market!,5,got it within 2 days.. good delivery experience.. great phone.. will write a detailed review after a week or so.READ MORE
Prince  Kushwaha,Awesome,5,"I recently purchased the iPhone 16 from Flipkart, and I'm extremely satisfied with my experience. The phone boasts a stunning display, incredibly fast performance, and impressive battery life. The camera quality is top-notch, capturing sharp and vibrant photos even in low light. iOS runs smoothly, and the design feels premium and comfortable in hand. Flipkart's delivery was quick and reliable. Overall, a fantastic upgrade and definitely worth the price!READ MORE"
Raj Patel,Wonderful,5,Camera features good and qualityREAD MORE
deepika chopra chopra,Excellent,5,Product is very good üíØREAD MORE
Amitav  Sahu,Terrific,5,Absolutely fantastic mind bogglingREAD MORE
Abhishek Salian,Utterly Disappointed,5,"Not good , please go for Samsung if you are able to afford this garbage phone, you will get better quality and featuresREAD MORE"
Linga  Reddy,Useless product,5,Volume buttons are stopped working after 10 days to purchaseREAD MORE
SUNIL KUMAR TUTEJA,Fabulous!,5,GreatREAD MORE
Tony R,Classy product,5,Great deviceREAD MORE
Balasubramanian Nainar,Worth every penny,5,Excellent work by AppleREAD MORE
Santanu Rout,Awesome,5,Working smoothlyREAD MORE
Mohammed Khaleel,Perfect product!,5,GoodREAD MORE
Flipkart Customer,Awesome,5,Awesome mobileREAD MORE
Akshay Kumar,Great product,5,I am using IOS version for the first time it is worth to use and great experienceREAD MORE
Subradeep Das,Best in the market!,5,GoodREAD MORE
Flipkart Customer,Worth every penny,5,Awesome purchase looks slightly different to 256 variant purchased from store.READ MORE
Sandeep Kumar singh,Awesome,5,Awesome ‚ù§Ô∏èREAD MORE
Flipkart Customer,Worth every penny,5,I love itREAD MORE
Karan singh Rajput,Great product,4,Best phone and fast delivery by Flipkart.READ MORE
Preksha Yadav,Wonderful,4,My evertime special iphoneREAD MORE
Dinesh Tirluka,Great product,5,Good deal.READ MORE
Annu M,Don't waste your money,3,Very bad chargeREAD MORE
Loknath  Chakravorty,Terrible product,5,Not upto the markREAD MORE
Tushar Chhabra,Horrible,5,Camera hangREAD MORE
Flipkart Customer,Terrific purchase,5,No wordsREAD MORE
Hariom  Singh ,Hated it!,5,Hanging problemsREAD MORE
Rohit  Customer,Must buy!,5,GoodREAD MORE
Kiran Kumar Buddana,Excellent,4,NiceREAD MORE
Yash Gupta,Classy product,5,These photos are clicked on night around 8 pm you can see the quality of picture are giving their best.READ MORE
Vikash  Kumar ,Brilliant,5,NiveREAD MORE
Shrikant,Highly recommended,5,Awsm performanceREAD MORE
Flipkart Customer,Just wow!,5,"The product I got, I am happy after using it 5 months.Nice phone, I love it.READ MORE"
Rajeev Saxena,Pretty good,5,Nice camera qualityREAD MORE
Shivani talwar  Shivani ,Good quality product,4,Superb ‚ò∫Ô∏èREAD MORE
Flipkart Customer,Simply awesome,4,GoodCamera and quality go for itREAD MORE
Arun Prasenan,Decent product,5,Camera is pretty lagging when we want to take sudden photos. Photo quality has improved. 24 mp default gives more detail. Apple giving still 60Hz display is a let down. Battery life is mediocre and it heats quickly. An overall downgrade from iphone 14READ MORE
Pankaj Dhalwal,Not recommended at all,5,The quality of the camera is very low while the 12 MP camera of the iPhone X is 100 times better.READ MORE
Neeraj Kumar ,Brilliant,4,All are goodREAD MORE
saurabh  agnihotri ,Excellent,5,"Awesome camera, Display,working must buy iPhone 16 just love it , battery is also awesome full charge in 1 hour completelyREAD MORE"
Shakti Mandal,Terrific purchase,5,Simply outstandingREAD MORE
Kanishka Singh,Brilliant,5,Nice oneREAD MORE
bijay karki,Wonderful,4,Great productREAD MORE
Flipkart Customer,Good quality product,5,I love iPhoneREAD MORE
Chandra Deep Chauhan,Just wow!,5,WonderfulREAD MORE
Satyam Singh,Terrific,5,Excellent machineREAD MORE
Sivakumar  M,Best in the market!,5,Super super superREAD MORE
Harshit rastogi  Rastogi ,Best in the market!,5,Product es very good üòäREAD MORE
Mukul Chaudhary,Great product,4,I am using it from 3 months now .. Apple never disappoints.READ MORE
Saad Khan,Wonderful,5,Loved the flawless exchange process provided by flipkart!READ MORE
Soumyaranjan Khatei,Pretty good,5,Good oneREAD MORE
Aniket Srivastava,Wonderful,5,Latest manufactured product received and I am fully satisfied with my purchase decision on flipkart.READ MORE
Bk Y Yadav,Brilliant,5,iPhone best phone one of the brandREAD MORE
Murtuza Raipurwala,Delightful,5,This is First Time I have experienced on ios18 that the phone lags sometime lets see now in the long update. Otherwise overall best experience rather then using android üòçREAD MORE
Shubham agarwal,Absolute rubbish!,5,Worst Product. Not working at all. And Flipkart won't support you. Do not buy from flipkart.READ MORE
Hridesh  Rajput,Wonderful,3,Very Good productREAD MORE
Flipkart Customer,Waste of money!,5,Quality dropped and Camera hangs initiallyREAD MORE
Dhananjay Batham,Fabulous!,5,"Best Camera!!!In night mode, photos are very clear.Spatial speakers are absolutely awesome..Everything is perfect.READ MORE"
PRABHAT CHANDRA,Worth every penny,5,Loved it.READ MORE
Flipkart Customer,Really Nice,5,GreatREAD MORE
Dinesh Jaiswal,Excellent,5,As aspected very excellent $$READ MORE
Aishwarya nesa Bharathi,Excellent,5,Forever appleREAD MORE
Bikramjit Singh,Must buy!,3,Good purchaseREAD MORE
Sunil Joshi,Highly recommended,5,Best i phone 16. Original product and open delivery option is great.READ MORE
Akhil  Sharma ,Highly recommended,5,Absolutely Beast phone better than pro variant.READ MORE
Suman Roy,Good choice,5,GoodREAD MORE
yatin masih,Expected a better product,5,Display problem and battery problem dont buy from flipkartREAD MORE
Dagendra Dhruw,Great product,5,Phone lagREAD MORE
shravan kumar,Excellent,5,One of the best phone in terms of camera and performance.loved itREAD MORE
Flipkart Customer,Perfect product!,4,NiceREAD MORE
Krishna Mk,Brilliant,4,Very nice and good phone I like it I love I phone 16 nice phone i am happyREAD MORE
Flipkart Customer,Must buy!,5,Worth for moneyREAD MORE
Dinesh Jaiswal,Just wow!,5,Good performance and camera quality is amazing for this iPhone built quality is good. And battery is not decent but good.READ MORE
Anjali Kushwaha,Fair,5,Camera filter not availableREAD MORE
Ujwal Prasad,Fabulous!,5,I got very good dealREAD MORE
Rs.logesh don Don,Highly recommended,5,Is very good and perfectREAD MORE
Amar Mohanty,Highly recommended,5,"Superb device, Just wish it had 90Hz at least at this priceREAD MORE"
Mr JD,Wonderful,5,Camera is awesome but disappointed from battery backup and product design also not so good look like android phone and limited colour in 16 seriesREAD MORE
Venkat Y,Best in the market!,5,"Super camera, marveless designREAD MORE"
Girdhar Negi,Perfect product!,5,Over all goodREAD MORE
Siddharth Avasthi,Does the job,5,7 out of 10 times camera takes 5 seconds to openREAD MORE
Flipkart Customer,Simply awesome,4,"I bought this pink color watch for my life partner. She is happy, so I am happy too! 5 stars!READ MORE"
Vikas Baghel,Absolute rubbish!,5,Bad policy flipkart üò°üò°üò°üò°READ MORE
Biswa Mallick,Super!,5,Very Well CollectionREAD MORE
Patel Satyam ,Terrific purchase,3,Nice ptoductREAD MORE
MANI  M,Terrific purchase,5,GOOD PRODUCTREAD MORE
Flipkart Customer,Worth every penny,5,Good looking productREAD MORE
Gaurang Agarwal ,Must buy!,5,Great productREAD MORE
Flipkart Customer,Good choice,5,SuperREAD MORE
Tony Haokip,Delightful,5,Everything is fine except the battery should have been lasting longer and the new camera buttonFelt uselessREAD MORE
Flipkart Customer,Classy product,5,"Best camera, 60 hz , sharp n clean display, avg battery lifeREAD MORE"
Keshu Yadav,Excellent,5,Love this phone‚ù§Ô∏èREAD MORE
Daksh Raj Tejnani,Fabulous!,5,Good product..thanks fkiartREAD MORE
Baljeet Meena,Great product,5,Fully satisfied with the phoneREAD MORE
Flipkart Customer,Unsatisfactory,5,Battery drain fastREAD MORE
Vaibhav Singh,Mind-blowing purchase,5,"This is my third iphone. Performance is excellent, but design is not good...READ MORE"
Cyril  Edward,PATHETIC BATTERY BACKUP,5,POsting this after 2 months of usage. Poor battery life. IF ur expecting better battery pls use android. I felt let down by apple. When u use camera the battery gets drained fast and last only for 5 to 6 hrs. THERE IS NO SOLUTION FOR THIS.READ MORE
Shivanshu  Mishra,Highly recommended,5,NiceREAD MORE
Krishna Yadav,Must buy!,5,The best in class iPhone as always.READ MORE
Adil Tyabji,Worth every penny,5,The camera lenses are elegantly designed; look much better than those in pro and max!READ MORE
Animesh  Gautam,Excellent,3,NICE PHONE WITH good camera setting. little hard to manage this phoneREAD MORE
Kamal Garg,Great product,5,wonderful phone !!!READ MORE
Babu Saini,Delightful,5,"This iPhone works very well, its camera is very good. I want to praise Flipkart. I got the iPhone 16 at a good price from this shop.üòáREAD MORE"
Flipkart Customer,Not recommended at all,5,Ios crashes after updateREAD MORE
Shubham Yadav,Great product,4,Good phoneREAD MORE
SHASHANK SHRIVASTAVA,Brilliant,5,"Like all Apple devices, superb!!!!READ MORE"
divya kumawat,Just okay,5,This is a downgrade in performance as per my previous iPhone 11 comparisonREAD MORE
jigar panchal,Great product,5,BestREAD MORE
Satishkumar Raokalanatham,Perfect product!,5,Wonderful phoneREAD MORE
Amit Kumar,Highly recommended,5,Great phoneREAD MORE
Jitendra  Bisht,Simply awesome,5,Phone received is seal packed and original.. thanks flipkartREAD MORE
Flipkart Customer,Perfect product!,5,"It is a very good mobile, I liked it very much.READ MORE"
Nijwm Basumatary ,Brilliant,5,awesomeREAD MORE
Suresh Ramesh,Great product,5,NiceREAD MORE
Jat  Shab,Did not meet expectations,4,Ist ok okREAD MORE
Sandeep Singh,Classy product,5,AmazingREAD MORE
Narpat Singh,Mind-blowing purchase,3,ExilentREAD MORE
Srinivasulu  Myadari,Very Good,5,GoodREAD MORE
Shokey Mazar,Worth every penny,5,FantasticREAD MORE
TAUFEEK  AHMAD,Terrific purchase,4,GoodREAD MORE
Happiness Happiness,Classy product,4,Value for money device.Best non-pro model of all time.Very little difference between the non-pro and pro model.READ MORE
Anuradha Ranawat,Just wow!,5,Best deal üëçREAD MORE
Nazreen Parveer,Must buy!,5,BestREAD MORE
Mayank Rohilla,Nice,4,Overall value for money üí∞ü§ëREAD MORE
Flipkart Customer,Great product,5,I really like the white colour ü§çüòòREAD MORE
Luje Swu,Mind-blowing purchase,5,Amazing phoneREAD MORE
Shashi Verma,Excellent,5,"Really Nice, good battery backup and nice camera Ver handy feel.. I'm happyREAD MORE"
Flipkart Customer,Very Good,5,Everything is better than previous models Very happy with 16READ MORE
INDERJEET SINGH,Excellent,5,All goodREAD MORE
Ayush Dhanda,Awesome,5,NiceREAD MORE
RAVI KUMAR SHARMA,Bad quality,5,Display blinking in pink colourREAD MORE
Aniket Angchekar,Excellent,5,iPhone 16 battery is awesomeREAD MORE
bhaskar das,Best in the market!,5,My first iphone. Feels like heaven after moving from a typical Android. Thank you flipkart for delivering it nicely.READ MORE
Pj Ram,Fabulous!,5,goodREAD MORE
ilura devi,Highly recommended,5,Apple is always great this is my 2nd oneREAD MORE
Flipkart Customer,Perfect product!,5,It's very nice i love Flipkart service tq so muchREAD MORE
ANANDRAO AKURDEKAR,Classy product,5,Best Iphon ever Looks magnificient.READ MORE
Binoy Babu,Awesome,5,Product is good. Storage could have been more. Battery life could have been betterREAD MORE
Jeet  Gurjar,Wonderful,5,Superb productREAD MORE
Flipkart Customer,Very poor,5,Wast of moneyREAD MORE
Deepak Chauhan,Best in the market!,5,Great phoneREAD MORE
NEELAM Verma,Utterly Disappointed,5,Not goodREAD MORE
raghu dusa,Good,3,Need options like automatically call recording and true callerREAD MORE
ARYARATNA MISHRA,Highly recommended,5,Very nice productREAD MORE
ASHAY  MESHRAM,Mind-blowing purchase,5,Value for money.READ MORE
PRAKASH KUMAR JHA,Really Nice,5,Good But Android has more Features than the iPhoneREAD MORE
Neeraj maurya,Value-for-money,5,Experienced is very good ..READ MORE
Kishan Nayak K,Perfect product!,5,ExcellentREAD MORE
Sukesh Singh,Just wow!,5,AwesomeREAD MORE
Deva Rj,Nice product,5,Good phoneREAD MORE
Raz Kumar,Super!,5,Erase option in photos is wonderful for me ‚ù£Ô∏èREAD MORE
Amaan  Ali,Terrific,5,Perfect..down to the last .. everything is perfectREAD MORE
Tanmoy Sadhukhan,Classy product,5,"As expected, the smoothness and experinece is damn good.READ MORE"
Sundarrajan K,Brilliant,5,GoodREAD MORE
Abhishek Singh,Utterly Disappointed,5,After 10 days phone start heating .while connected with Apple store .They said camera is faulty.It seems Flipkart selling defective iphones.Terible product.After buying 70k .Neither Apple store not flipkart returning .All are theifs in IndiaREAD MORE
Satya kiran Dangeti,Highly recommended,4,Good produREAD MORE
Flipkart Customer,Wonderful,5,Best phoneREAD MORE
VIPENDRA VERMA,Simply awesome,5,Very good phoneREAD MORE
Raghu Manikuppe,Don't waste your money,4,"I have many Apple product, but never had problems like this phone, phone hangs, network disconnects and phone get heat so soon.READ MORE"
Flipkart Customer,Best in the market!,5,"It was a huge delay, overall good product.READ MORE"
Shubham  Rana,Worth every penny,5,Best performanceREAD MORE
Asish Varghese ,Wonderful,5,This phone is really amazingREAD MORE
Muzammil  Shahid ,Worth every penny,3,Awesome aleayREAD MORE
Flipkart Customer,Mind-blowing purchase,5,Best phoneREAD MORE
Tarun srivastava,Terrific,5,NiceREAD MORE
Sandeep Singh,Best in the market!,5,Best phoneREAD MORE
Narendranath reddy,Fabulous!,5,I absolutely loved the software and performance. Photos and videos are top notch. Charging is really quick compared to earlier versions. Need a case soon after purchase. Battery lasts 1 full day and night upon medium usage. Great for gaming as wellREAD MORE
shubham Samrala,Perfect product!,5,AllREAD MORE
Atul Hajong,Great product,5,Overall it is a Nice quality Product... Camera quality is too goodREAD MORE
Flipkart Customer,Terrific,5,SuperREAD MORE
jyoti Thapliyal,Terrible product,5,not so good heating issueREAD MORE
Abdul  Suaib,Good,5,It's good but battery Life  is not even if u  make a video in 4k 60 fps with full brightness u will lose 5% in  2 min   and the heating problem is also  not good go for 16 Plus and screen brightness is not enoughREAD MORE
Manish Vashisth,Must buy!,5,Nice phoneREAD MORE
gaurav gupta,Simply awesome,5,Good product.READ MORE
Flipkart Customer,Awesome,5,"Phone is excellent no doubt . However, be sure about exchange price of phone if any .. As seller has some software which assess your good phone to an average phone . So be mindful on exchange. If your phone is in good condition better not to exchange on lower priceREAD MORE"
Rameez Muhammed,Don't waste your money,5,Giving electric shock while charging. Total disappoinment even after spending 80k for this phone.READ MORE
Muskan Mirza,Fabulous!,5,Runs smoothly.READ MORE
Pradeep Malik,Terrific purchase,5,AwesomeREAD MORE
Praveen ubhale  Pavi,Simply awesome,5,Nice product nice camera  ilove it ‚ù§Ô∏èREAD MORE
Flipkart Customer,Worth every penny,5,Amazing performance phone Till date best phone iphone 16 nd pink color is so attractice eye catching Just loving my iphoneREAD MORE
amit kaundal,Classy product,5,Great Product received via Flipkart.Everything is perfect about this phone except battery backup. I think need to work on battery.READ MORE
Abhishek Mane,Best in the market!,5,GoodREAD MORE
Avinash  Agarwal,Highly recommended,5,ExcellentREAD MORE
Flipkart Customer,Terrific,5,ExcellentREAD MORE
karthik reddy yerramantla,Simply awesome,5,All good but battery is nt good for a dayREAD MORE
harsh tejani,Brilliant,5,Apple is good. but samsung is very business friendly with Ai.READ MORE
Bibek  Sharma,Great product,5,Nice ProductREAD MORE
Rupak Das,Just wow!,5,This i phone is loaded with features and give u a premium look in ur handREAD MORE
Vikash Maithil,Wonderful,5,NiceREAD MORE
Raks Yadav,Best in the market!,5,Great purchaseREAD MORE
Soumen Mohapatra,Fabulous!,5,Best phone in marketREAD MORE
Ajesh Kumar,Awesome,5,AwsREAD MORE
Flipkart Customer,Fair,5,GoodREAD MORE
Flipkart Customer,Just wow!,5,"One of the best choice i did is iPhone 16. Design is elegant,Look is beautiful, camera is with utmost precision clarity.Totally package with very cute device i have purchased.Thank you so much flip kart for delivering such a beautiful product.Love you üòçü•∞READ MORE"
Flipkart Customer,Terrific purchase,4,ThankREAD MORE
Praveen  Rai,Mind-blowing purchase,5,Awesome phoneREAD MORE
Shiva Pradhan,Super!,5,SuperbREAD MORE
ANIKET GITE,Terrific,5,Great camera and handy sizeREAD MORE
Rahul Singh,Wonderful,5,Good experienceREAD MORE
Flipkart Customer,Highly recommended,5,GoodREAD MORE
Sajjan Singh,Simply awesome,5,Excellent phone and  video recording is superbREAD MORE
Patel Sufiyan,Perfect product!,5,Good üëçREAD MORE
Ritivik Raj,Best in the market!,5,GoodREAD MORE
AB Shaik,Excellent,5,Super smooth super fast processor !!!!READ MORE
Ajith V,Classy product,4,ExcellentREAD MORE
Flipkart Customer,Excellent,5,So comfortableREAD MORE
Flipkart Customer,Waste of money!,5,Heating issue it heats like a heaterREAD MORE
Nakul Sharma,Awesome,5,Except camera everything is good. Camera needs to be improveREAD MORE
Pritiparna  Rout,Great product,5,SuperbREAD MORE
neelam kumari,Very poor,5,Camera is not gudREAD MORE
PRAVIN SHEKOKAR,Just wow!,5,GreatREAD MORE
Abhinav Singh,Just wow!,5,AmazingREAD MORE
Aman Tiwari,Brilliant,5,"Product is good, very good upgrade form iphone 14 or older only issue is 60z display otherwise phone is best.READ MORE"
Abhinav Chittibomma,Classy product,5,Its super good...READ MORE
Flipkart Customer,Classy product,5,AwesomeREAD MORE
Lovnee Swayambhu Pattanaik,Terrific purchase,5,Only drawback is the 60 hz display in non-pro iPhones.READ MORE
Parvin Kumar,Terrific,5,This iphone was best smartphoneREAD MORE
vivek soni,Perfect product!,5,Love itREAD MORE
sourabh  deorhiya,Best in the market!,3,Very niceREAD MORE
Manoj kumar Sahu,Just wow!,4,Amezing PhotoREAD MORE
Riju Hatui,Great product,5,It was one of best productsREAD MORE
M P  N,Fabulous!,3,Good features but quickly getting hotREAD MORE
SSS MMM,Awesome,4,Go for itREAD MORE
Bhavya Gambhir,Excellent,5,Apple products are always worth it.READ MORE
Ganesh Mohan,Just wow!,5,Awesome and cool as expected!READ MORE
Praveen Sharma,Fabulous!,5,Having nice experience in 63kREAD MORE
PrAtik Gupta,Delightful,4,FantasticREAD MORE
Anushka Dey,Great product,5,Great but should have bought the Pink colour instead of TealREAD MORE
Nirbhay Singh,Great product,5,Amazing upgradeREAD MORE
Jaya Karna,Awesome,5,Superb product and nice performanceREAD MORE
Bhagwan sahay prajapat,Super!,5,All over goodREAD MORE
Vikas Pratap singh,Perfect product!,5,WITHOUT DOUBT GOOD PRODUCT PURCHASE ITREAD MORE
Ravi Kumar Yadav,Must buy!,5,AwesomeREAD MORE
omkar patil,Terrific purchase,5,best mobile phone for no doubtREAD MORE
Santu Sharma,Simply awesome,5,No words to sayREAD MORE
Nagaraja Chuncha,Perfect product!,5,Good product üëçREAD MORE
MOHD HUZAIFA,Perfect product!,5,GoodREAD MORE
SANTOSH SUDELE,Terrific purchase,5,Best in terms of performance. Go for itREAD MORE
Ankit Singh,Best in the market!,5,Best phoneREAD MORE
Altmash SHAIKH,Highly recommended,5,GoodREAD MORE
Rakesh Tiwari,Brilliant,5,ExcellentREAD MORE
Prateek Shrivastava,Just wow!,5,PerfectREAD MORE
Kunjappan  M,Worth every penny,5,"A good phone as expected from Apple.  The camera button needs a little getting used to.  .  Coming from Android, navigation is stop and go!  Flipkart delivery was perfect by a polite delivery person.  My thanks for that!READ MORE"
BNayak Nayak,Great product,5,iPhone tried very well to make it better than previous iPhones.. can go with this product. It will not make you disappointed.. üòçREAD MORE
Priyabrata  Samanta,Awesome,4,Very very satisfied with this fon . Go for it üí™üèªREAD MORE
Parveen Dhiman,Fabulous!,5,V goodREAD MORE
MOHAMMAD  ANWAR ,Very poor,5,Very bad experience i recommended not to buy anyone on flipkartREAD MORE
SHIMLIATS,Mind-blowing purchase,5,Hellbentboy is lover of iPhoneREAD MORE
Flipkart Customer,Brilliant,5,Cool üòéREAD MORE
Manju Gupta,Terrific purchase,5,excellentREAD MORE
Sarwar Sarwar,Super!,5,Good stuffREAD MORE
GAURAV VARDHAN,Does the job,5,Moved from 12 to 16. Okeyish upgrade mainly in batteryREAD MORE
Pooja  dalal ,Good quality product,5,Product is very good but tha packaging of the product is not goodREAD MORE
DR.AVINASH T,Awesome,5,As usual at its bestREAD MORE
Ravi Tiwari,Decent product,4,OkREAD MORE
Anwaydeep Nath,Worth the money,5,Battery backup is not that good apart from that everything is very good.READ MORE
Sssss S,Awesome,5,GudREAD MORE
Rohit,Awesome,5,AwesomeREAD MORE
Moushmi  Chakrwarty ,Awesome,4,Awesome üëçüòéREAD MORE
Puran Dhull,Good quality product,5,GoodREAD MORE
Vijay Dhawde,Simply awesome,5,Classy ProductREAD MORE
Josiah Joy,Must buy!,5,Great upgrade from 12READ MORE
Flipkart Customer,Simply awesome,5,Best iphone everREAD MORE
Suraj Singh,Great product,5,Fantastic it's phenoREAD MORE
Sachin  Sharma,Mind-blowing purchase,4,AwesomeREAD MORE
Javed Panwar,Awesome,4,Best IPhone üëåüèºREAD MORE
ANAND D,Just wow!,5,GoodREAD MORE
Swetha Jain,Just wow!,5,GudREAD MORE
Mohd Arshad,Terrific purchase,5,Good smartREAD MORE
Gomatheeswaran  K,Great product,5,My first Iphone. Looks and feel its good and performance also. Only disappointment is getting glare when shooting the lights at night.READ MORE
Akash  Sinha,Not good,5,Speaker is not functioning üòîREAD MORE
INDRAJEET Tiwari ,Fabulous!,5,Very good üëçREAD MORE
Rudra  Kumar,Must buy!,4,PerfectREAD MORE
Arun Kumar Maheswaran,Simply awesome,4,All is good Thank youREAD MORE
Ajoy Raina,Classy product,4,Very good phoneREAD MORE
Himanshu,Fabulous!,5,Overall it's a refresh design from outside and a very firm and comfortable for long hours feels light when compare to the 15READ MORE
Mohammed  Riaz,Perfect product!,5,Product is great.READ MORE
Omm Prakash,Must buy!,5,WellREAD MORE
thirumala naidu,Value-for-money,5,First time purchasing iPhone 16 mobile super high securityREAD MORE
Manoj Gokhale,Worth every penny,5,"It is powerful than iphone 15 in terms of Ram, Chipset and Battery. Apple Intelligence is best.READ MORE"
mohd sahid,Classy product,5,Its the goatREAD MORE
Kumar Ankit,Terrific purchase,5,Must buy productREAD MORE
Mukul Kumar,Great product,5,BetterREAD MORE
Suraj Yaragatti,Terrific,5,"Fantastic mobile Good hardware and software, very impressive ü•≥ tq u Flipkart and received the product within a day...READ MORE"
AKASH KUMAR,Brilliant,5,iPhone 16 is the best quality and camera quality is best in bestREAD MORE
naveen  kumar,Utterly Disappointed,5,"Worst tuBattery life: iPhones can drain quickly, especially when using features like Siri, iCloud.Customization: iOS offers fewer options for customizing the user interface than Android. App ecosystem: The App Store's guidelines may limit the availability of some apps that are available on Android. Accessories: Apple's Lightning cables and other accessories can be expensive and less universal than USB-C alternatives. Call management: Some say the call management system on iPhones can...READ MORE"
sahil  gupta,Just wow!,5,Very goodREAD MORE
Aayan Alam,Great product,5,Best at this priceREAD MORE
Jitendra Zirota,Excellent,5,Great dealREAD MORE
MOHIT  Sharma,Worth the money,5,Awesome productREAD MORE
manfool singh,Excellent,5,GoodREAD MORE
Pankaj Singh Mahara,Fabulous!,5,A beautiful iphoneREAD MORE
Flipkart Customer,Super!,5,It's awesomeREAD MORE
Soosai Manickam,Good quality product,5,"Battery is good , camera could have been better.Performance is goodREAD MORE"
Shivraj Yadav,Terrific,5,nice mobile and delivery boy is very supportiveREAD MORE
Kishore Sambath,Classy product,5,Excellent.READ MORE
Sanjay Modak ,Best in the market!,5,Product is excellent. I have been using iPhone 12 and find good difference between the twoREAD MORE
Surya  Kant,Wonderful,5,Delivery service was good. And phone is awesome.READ MORE
Pawan Kumar,Best in the market!,5,Amazing deviceREAD MORE
Sohail Syed,Wonderful,5,Very nice and compatible deviceREAD MORE
Utkarsh Singh,Value-for-money,5,"Phone is good, battery backup is little less compared to my previous phone. It counted 2 recharge cycle when I only charged it ones. Will see how it goesREAD MORE"
Flipkart Customer,Mind-blowing purchase,5,"Running smooth, just 60hz hurtsREAD MORE"
Naresh Kumar,Simply awesome,5,Good Experience good productREAD MORE
Aditya Gupta,Awesome,5,This iPhone feels like an upgrade from the previous base iPhonesREAD MORE
Islam Chouhan,Worth every penny,5,Good productREAD MORE
Zico Hota,Wonderful,5,Just go ahead and buy it.READ MORE
Nikhil Arora,Terrific purchase,5,Good qualityREAD MORE
Arun  Singh,Nice product,5,ExcellentREAD MORE
Flipkart Customer,Good quality product,5,GoodREAD MORE
Varun kumar CS,Really Nice,5,NiceREAD MORE
MOHD HUZAIFA,Worth every penny,5,GoodREAD MORE
Raghbendra,Terrific purchase,5,NiceREAD MORE
FAIZ KHAN,Classy product,5,All the features are working fine.READ MORE
Flipkart Customer,Must buy!,5,Excellent device and budget friendly in saleREAD MORE
Rahul Saini,Highly recommended,5,Nice productREAD MORE
Rahul Saini,Great product,5,NiceREAD MORE
Nayan  Valiya,Simply awesome,5,As always best üëåüëåREAD MORE
Arun Verma,Brilliant,5,Excellent product and excellent service by Flipkart and courier partner.READ MORE
Arun Vanka,Simply awesome,5,AwesomeREAD MORE
SheKhar Chhetri,Perfect product!,5,Original Product as like PhotoREAD MORE
DHANRAJ LUGADE,Super!,5,Great performance and camera phoneREAD MORE
Vikas Singh,Brilliant,5,nice productREAD MORE
ravindra  Singh,Terrible product,,Very bad batteryREAD MORE
Prashanna Bose,Classy product,,"Awesome product. If you are an apple fanboy, go for it.READ MORE"
Flipkart Customer,Awesome,,ThanksREAD MORE
Avinash verma,Highly recommended,,Best design phone ‚ù£Ô∏è‚ù§Ô∏è‚ù§Ô∏èREAD MORE
Hariom Singh,Worth every penny,,NiceREAD MORE
Akash Kumar,Just wow!,,GoodREAD MORE
Ekta Customer,Great product,,Thanx Flipkart for the awesome productREAD MORE
Ashish Kumar  Yadav,Wonderful,,Better than iPhone 15proREAD MORE
Rohit Gehlot,Perfect product!,,All superbREAD MORE
Rajib Mondal,Must buy!,,Black looks amazingREAD MORE
Ashish Pamecha,Worth every penny,,NiceREAD MORE
Flipkart Customer,Unsatisfactory,,Within one week voice is not coming while I am callingFake productREAD MORE
Flipkart Customer,Could be way better,,High priced with Heating problemREAD MORE
Jennifer  Mary,Classy product,,GreatREAD MORE
Suraj Kumar,Terrific purchase,,"Amazing phone, at best price.READ MORE"
Rahat Khan,Worth every penny,,Very good phone superREAD MORE
Mukesh Kumar,Must buy!,,Superb quality everything is perfect I love you iphoneREAD MORE
Human Right,Simply awesome,,GoodREAD MORE
Menika  Sarawagi ,Super!,,Best of phone. No substitute availableREAD MORE
Shamshad Ansari,Simply awesome,,Very niceREAD MORE
SHIV  YADUVANSHI,Fabulous!,,Best qualityREAD MORE
Vishnu Bhagwat,Terrific purchase,,Good Product and service from FlipKart ... Probably the shipment was delayed for 1 day but no issues.READ MORE
SACHIN KUMAR LOHAN,Perfect product!,,Totally amazingREAD MORE
PRASHANT SABLE,Wonderful,,Awesome Best with featuresREAD MORE
Praveen Tiwari,Simply awesome,,All good in apple iphone 16READ MORE
Vignesh Nagaraj,Great product,,Very nice mobile. Go for it!READ MORE
Santosh  Sahu,Wonderful,,"Excluding memory and battery rest all good,READ MORE"
Dharmbir  Yadav ,Best in the market!,,WellREAD MORE
Althaf Akbar,Classy product,,Product is good.READ MORE
Azhar  Pasha,Mind-blowing purchase,,Veri GoodREAD MORE
Flipkart Customer,Terrific purchase,,Nice product and fast delivery thank you flipREAD MORE
vishal mankotia,Worth the money,,Its awsomeREAD MORE
Manik lal Das,Worth every penny,,Excellent hand setREAD MORE
Amit Kumar,Awesome,,V v goodREAD MORE
Vikas Chowdary,Super!,,AwasomeREAD MORE
Aryan GUPTA,Excellent,,Good go for itREAD MORE
Pujum yomgam Yomgam,Just wow!,,Nice products im happy thanksREAD MORE
Venkat S,Just wow!,,Good delivery and mobile is so good. Open box delivery helps to trust and buy from flipkart. really hatsoffREAD MORE
